From,To
Gov. Moore,MLK Assassination
Gov. Moore,MLK Assassination
Gov. Moore,MLK Assassination
Gov. Moore,MLK Assassination
Gov. Moore,MLK Assassination
Gov. Umstead,Brown v Board
Gov. Moore,MLK Assassination
Gov. Moore,MLK Assassination
Gov. Umstead,Brown v Board
Gov. Moore,Orangeburg Massacre
Gov. Umstead,Brown v Board
Gov. Moore,MLK Assassination
Gov. Moore,MLK Assassination
Gov. Moore,1965 Charlotte Bombings
Gov. Moore,Civil Rights Demonstrations
Gov. Moore,MLK Assassination
Gov. Moore,MLK Assassination
Gov. Moore,MLK Assassination
Gov. Moore,MLK Assassination
Sen. Byrd,MLK Assassination
Gov. Moore,MLK Assassination
Gov. Moore,MLK Assassination
Gov. Moore,MLK Assassination
Gov. Moore,MLK Assassination
Gov. Moore,MLK Assassination
Gov. Moore,MLK Assassination
Gov. Moore,MLK Assassination
Gov. Moore,MLK Assassination
Gov. Moore,MLK Assassination
Justice Burger,Swann v. Charlotte-Mecklenburg
Gov. Umstead,Brown v Board
Gov. Moore,MLK Assassination
Gov. Moore,MLK Assassination
Gov. Moore,MLK Assassination
Gov. Moore,MLK Assassination
Gov. Hodges,Sit Ins
Gov. Hodges,Sit Ins
Gov. Moore,MLK Assassination
Gov. Moore,MLK Assassination
Gov. Moore,MLK Assassination
Gov. Umstead,Brown v Board
Gov. Hodges,Sit Ins
Gov. Moore,MLK Assassination
Gov. Moore,MLK Assassination
Gov. Moore,MLK Assassination
Gov. Moore,MLK Assassination
Gov. Moore,Howard Fuller Appointment
Gov. Moore,Stokely Carmichael UNC Visit
Gov. Moore,Stokely Carmichael UNC Visit
Gov. Moore,Hyde School Boycott
Gov. Moore,Hyde School Boycott
Gov. Moore,Hyde School Boycott
Gov. Moore,Hyde School Boycott
Gov. Moore,Hyde School Boycott
Gov. Moore,Hyde School Boycott
Civil Rights Act of 1968,MLK Assassination
Kerner Report,MLK Assassination
1968 Unrest in Wilmington,MLK Assassination
Raleigh Urban Renewal,MLK Assassination
MLK Funeral,MLK Assassination
Shaw Riots,MLK Assassination
JFK Assisination,MLK Assassination
4-6 Appeal to NC Churches,MLK Assassination
Conf. on Community Relations,MLK Assassination
1968 Unrest in Washington,MLK Assassination
